{"backend": "sglang", "dataset_name": "sharegpt", "request_rate": 15.0, "max_concurrency": null, "sharegpt_output_len": null, "random_input_len": 1024, "random_output_len": 1024, "random_range_ratio": 0.0, "duration": 140.8520322199911, "completed": 2000, "total_input_tokens": 217534, "total_output_tokens": 109743, "total_output_tokens_retokenized": 111725, "request_throughput": 14.199298146272259, "input_throughput": 1544.415061475595, "output_throughput": 779.1367882331783, "mean_e2e_latency_ms": 865.6363192670105, "median_e2e_latency_ms": 551.2598639907083, "std_e2e_latency_ms": 1002.6689024566764, "p99_e2e_latency_ms": 5054.558274254522, "mean_ttft_ms": 50.36418860509002, "median_ttft_ms": 47.52251599711599, "std_ttft_ms": 12.832286537344741, "p99_ttft_ms": 87.49834015849046, "mean_tpot_ms": 15.226608707457569, "median_tpot_ms": 14.968469333494053, "std_tpot_ms": 2.7283337477839664, "p99_tpot_ms": 24.520485293566402, "mean_itl_ms": 15.133253206689579, "median_itl_ms": 11.334114999044687, "std_itl_ms": 10.18387256859807, "p95_itl_ms": 32.04539310245308, "p99_itl_ms": 57.997863937634975, "concurrency": 12.291428183514004, "accept_length": null, "mean_total_latency_ms": 866.5098252494281, "median_total_latency_ms": 552.0292490036809, "std_total_latency_ms": 1002.6791293266562, "p99_total_latency_ms": 5055.039720975474}
