{"backend": "sglang", "dataset_name": "sharegpt", "request_rate": 95.0, "max_concurrency": null, "sharegpt_output_len": null, "random_input_len": 1024, "random_output_len": 1024, "random_range_ratio": 0.0, "duration": 35.57636917399941, "completed": 2000, "total_input_tokens": 217534, "total_output_tokens": 109743, "total_output_tokens_retokenized": 111725, "request_throughput": 56.2170914692913, "input_throughput": 6114.564387840406, "output_throughput": 3084.716134557217, "mean_e2e_latency_ms": 6814.7858371670445, "median_e2e_latency_ms": 5295.105293000233, "std_e2e_latency_ms": 5140.948660306724, "p99_e2e_latency_ms": 25152.920526835514, "mean_ttft_ms": 361.57485336870013, "median_ttft_ms": 136.5096250010538, "std_ttft_ms": 370.12784857925743, "p99_ttft_ms": 1251.5380184889364, "mean_tpot_ms": 165.4510351067913, "median_tpot_ms": 120.91048838259505, "std_tpot_ms": 100.47448123756529, "p99_tpot_ms": 417.28701180802557, "mean_itl_ms": 119.78868189745823, "median_itl_ms": 80.57389099849388, "std_itl_ms": 181.4123248022138, "p95_itl_ms": 479.4753673006198, "p99_itl_ms": 731.6588607191808, "concurrency": 383.1074387516506, "accept_length": null, "mean_total_latency_ms": 6820.551581459542, "median_total_latency_ms": 5300.494842995249, "std_total_latency_ms": 5140.635295823583, "p99_total_latency_ms": 25159.519811526403}
