{"backend": "sglang", "dataset_name": "sharegpt", "request_rate": 20.0, "max_concurrency": null, "sharegpt_output_len": null, "random_input_len": 1024, "random_output_len": 1024, "random_range_ratio": 0.0, "duration": 107.56074131499918, "completed": 2000, "total_input_tokens": 217534, "total_output_tokens": 109743, "total_output_tokens_retokenized": 111725, "request_throughput": 18.59414481109664, "input_throughput": 2022.4293486685483, "output_throughput": 1020.2886170020893, "mean_e2e_latency_ms": 1011.2884727591592, "median_e2e_latency_ms": 640.1150885067182, "std_e2e_latency_ms": 1170.8661428194216, "p99_e2e_latency_ms": 5624.976887551456, "mean_ttft_ms": 56.317590283033496, "median_ttft_ms": 51.57433049316751, "std_ttft_ms": 36.29792589740922, "p99_ttft_ms": 122.13298634349485, "mean_tpot_ms": 17.897841788403664, "median_tpot_ms": 17.355560361260036, "std_tpot_ms": 4.098604925678763, "p99_tpot_ms": 31.693699883835503, "mean_itl_ms": 17.7264721858147, "median_itl_ms": 12.37077999394387, "std_itl_ms": 15.738045902077294, "p95_itl_ms": 38.156388598144964, "p99_itl_ms": 81.01787680265262, "concurrency": 18.804044308276563, "accept_length": null, "mean_total_latency_ms": 1012.224821572636, "median_total_latency_ms": 641.0071690042969, "std_total_latency_ms": 1170.882897646417, "p99_total_latency_ms": 5626.427268246189}
