{"backend": "sglang", "dataset_name": "sharegpt", "request_rate": 80.0, "max_concurrency": null, "sharegpt_output_len": null, "random_input_len": 1024, "random_output_len": 1024, "random_range_ratio": 0.0, "duration": 39.23685410700273, "completed": 2000, "total_input_tokens": 217534, "total_output_tokens": 109743, "total_output_tokens_retokenized": 111725, "request_throughput": 50.97248608529636, "input_throughput": 5544.12439403943, "output_throughput": 2796.9367702293393, "mean_e2e_latency_ms": 7112.549036610471, "median_e2e_latency_ms": 5343.12448050332, "std_e2e_latency_ms": 5813.596597470741, "p99_e2e_latency_ms": 27697.536552884118, "mean_ttft_ms": 185.3487692808776, "median_ttft_ms": 106.78878749604337, "std_ttft_ms": 160.31847337995669, "p99_ttft_ms": 667.6498950604582, "mean_tpot_ms": 166.04919969155537, "median_tpot_ms": 144.82596321279067, "std_tpot_ms": 82.36210129999444, "p99_tpot_ms": 385.715786120154, "mean_itl_ms": 128.58720664752397, "median_itl_ms": 70.32411399995908, "std_itl_ms": 199.2075014755729, "p95_itl_ms": 465.6318888926762, "p99_itl_ms": 1143.3575688421843, "concurrency": 362.5443067996153, "accept_length": null, "mean_total_latency_ms": 7118.108110158653, "median_total_latency_ms": 5349.431679496774, "std_total_latency_ms": 5813.390265698198, "p99_total_latency_ms": 27699.678476135738}
