{"backend": "sglang", "dataset_name": "sharegpt", "request_rate": 90.0, "max_concurrency": null, "sharegpt_output_len": null, "random_input_len": 1024, "random_output_len": 1024, "random_range_ratio": 0.0, "duration": 36.61984199700237, "completed": 2000, "total_input_tokens": 217534, "total_output_tokens": 109743, "total_output_tokens_retokenized": 111725, "request_throughput": 54.615200146513914, "input_throughput": 5940.331474335879, "output_throughput": 2996.8179548394382, "mean_e2e_latency_ms": 6831.37887850593, "median_e2e_latency_ms": 5167.71349201008, "std_e2e_latency_ms": 5309.8072327019545, "p99_e2e_latency_ms": 25879.559119823534, "mean_ttft_ms": 328.9376139045271, "median_ttft_ms": 127.42807799804723, "std_ttft_ms": 358.4781712529118, "p99_ttft_ms": 1269.4510272982006, "mean_tpot_ms": 160.78413083803764, "median_tpot_ms": 128.65576231386575, "std_tpot_ms": 88.5708933898037, "p99_tpot_ms": 377.01321868410946, "mean_itl_ms": 120.70252822195258, "median_itl_ms": 84.66440800111741, "std_itl_ms": 178.49791752262152, "p95_itl_ms": 428.2918031036388, "p99_itl_ms": 964.6720289002405, "concurrency": 373.0971247262691, "accept_length": null, "mean_total_latency_ms": 6836.932056936661, "median_total_latency_ms": 5172.656495502451, "std_total_latency_ms": 5309.505174247481, "p99_total_latency_ms": 25882.945784942567}
