{"backend": "sglang", "dataset_name": "sharegpt", "request_rate": 25.0, "max_concurrency": null, "sharegpt_output_len": null, "random_input_len": 1024, "random_output_len": 1024, "random_range_ratio": 0.0, "duration": 87.27799660099845, "completed": 2000, "total_input_tokens": 217534, "total_output_tokens": 109743, "total_output_tokens_retokenized": 111725, "request_throughput": 22.91528309412547, "input_throughput": 2492.426596298745, "output_throughput": 1257.3959562993057, "mean_e2e_latency_ms": 1170.9695410174681, "median_e2e_latency_ms": 737.6988524993067, "std_e2e_latency_ms": 1354.3809250094312, "p99_e2e_latency_ms": 6539.91309579782, "mean_ttft_ms": 57.042643349930586, "median_ttft_ms": 54.74838050577091, "std_ttft_ms": 28.126237520161773, "p99_ttft_ms": 111.27994264170408, "mean_tpot_ms": 20.91793970765846, "median_tpot_ms": 20.58492572378739, "std_tpot_ms": 4.697533290609717, "p99_tpot_ms": 35.72656632749891, "mean_itl_ms": 20.677128502674442, "median_itl_ms": 13.544873989303596, "std_itl_ms": 18.557316645902088, "p95_itl_ms": 54.88818950543644, "p99_itl_ms": 98.26786075980706, "concurrency": 26.833098527013448, "accept_length": null, "mean_total_latency_ms": 1172.0415519207672, "median_total_latency_ms": 738.9448569956585, "std_total_latency_ms": 1354.398533831734, "p99_total_latency_ms": 6540.724620956753}
