{"backend": "sglang", "dataset_name": "sharegpt", "request_rate": 70.0, "max_concurrency": null, "sharegpt_output_len": null, "random_input_len": 1024, "random_output_len": 1024, "random_range_ratio": 0.0, "duration": 43.07686249699327, "completed": 2000, "total_input_tokens": 217534, "total_output_tokens": 109743, "total_output_tokens_retokenized": 111725, "request_throughput": 46.428636722082494, "input_throughput": 5049.903530350746, "output_throughput": 2547.6089398957497, "mean_e2e_latency_ms": 7283.029192274436, "median_e2e_latency_ms": 5284.454202002962, "std_e2e_latency_ms": 6253.629489393421, "p99_e2e_latency_ms": 29964.18378100541, "mean_ttft_ms": 136.03831464792893, "median_ttft_ms": 99.973250500625, "std_ttft_ms": 101.89219633742393, "p99_ttft_ms": 537.2810727011528, "mean_tpot_ms": 160.4743760042537, "median_tpot_ms": 163.3783682502528, "std_tpot_ms": 52.00071104083359, "p99_tpot_ms": 268.65397037325846, "mean_itl_ms": 132.66709441206766, "median_itl_ms": 87.28605999203864, "std_itl_ms": 134.95068708466232, "p95_itl_ms": 390.372011900763, "p99_itl_ms": 573.3940974954749, "concurrency": 338.1411166044317, "accept_length": null, "mean_total_latency_ms": 7287.970767023493, "median_total_latency_ms": 5289.303030491283, "std_total_latency_ms": 6253.388778084678, "p99_total_latency_ms": 29970.951240263817}
