{"backend": "sglang", "dataset_name": "sharegpt", "request_rate": 65.0, "max_concurrency": null, "sharegpt_output_len": null, "random_input_len": 1024, "random_output_len": 1024, "random_range_ratio": 0.0, "duration": 45.10759626700019, "completed": 2000, "total_input_tokens": 217534, "total_output_tokens": 109743, "total_output_tokens_retokenized": 111725, "request_throughput": 44.33843000991742, "input_throughput": 4822.558016888687, "output_throughput": 2432.9161622891834, "mean_e2e_latency_ms": 6784.020035576745, "median_e2e_latency_ms": 4797.608833992854, "std_e2e_latency_ms": 6251.218743568496, "p99_e2e_latency_ms": 29879.521422000103, "mean_ttft_ms": 112.21318956958567, "median_ttft_ms": 91.09027399972547, "std_ttft_ms": 71.3172023416614, "p99_ttft_ms": 463.0833913001697, "mean_tpot_ms": 142.82324018898413, "median_tpot_ms": 153.71214890198547, "std_tpot_ms": 49.18097015077181, "p99_tpot_ms": 248.35308483916984, "mean_itl_ms": 123.84639845209587, "median_itl_ms": 76.2848180020228, "std_itl_ms": 133.51846352104695, "p95_itl_ms": 370.06939690327266, "p99_itl_ms": 666.8962089059642, "concurrency": 300.79279753329695, "accept_length": null, "mean_total_latency_ms": 6788.660754710305, "median_total_latency_ms": 4801.960449993203, "std_total_latency_ms": 6251.145284153961, "p99_total_latency_ms": 29885.476586667206}
