{"backend": "sglang", "dataset_name": "sharegpt", "request_rate": 50.0, "max_concurrency": null, "sharegpt_output_len": null, "random_input_len": 1024, "random_output_len": 1024, "random_range_ratio": 0.0, "duration": 50.78254933201242, "completed": 2000, "total_input_tokens": 217534, "total_output_tokens": 109743, "total_output_tokens_retokenized": 111725, "request_throughput": 39.38360768231924, "input_throughput": 4283.636856782817, "output_throughput": 2161.03762894038, "mean_e2e_latency_ms": 3825.651595130177, "median_e2e_latency_ms": 2470.1054344914155, "std_e2e_latency_ms": 4130.489798272658, "p99_e2e_latency_ms": 21104.109245085998, "mean_ttft_ms": 84.76753842202015, "median_ttft_ms": 75.59115850745002, "std_ttft_ms": 52.725932130628685, "p99_ttft_ms": 388.2136823714245, "mean_tpot_ms": 74.18336312468591, "median_tpot_ms": 79.12704752101597, "std_tpot_ms": 23.332437183482934, "p99_tpot_ms": 117.59598483776374, "mean_itl_ms": 69.44055407051671, "median_itl_ms": 46.35041499568615, "std_itl_ms": 71.77315348236793, "p95_itl_ms": 211.51739579800045, "p99_itl_ms": 326.6653263728949, "concurrency": 150.66796155184568, "accept_length": null, "mean_total_latency_ms": 3828.675278918963, "median_total_latency_ms": 2472.292432496033, "std_total_latency_ms": 4130.604899281295, "p99_total_latency_ms": 21105.27175427487}
