{"backend": "sglang", "dataset_name": "sharegpt", "request_rate": 35.0, "max_concurrency": null, "sharegpt_output_len": null, "random_input_len": 1024, "random_output_len": 1024, "random_range_ratio": 0.0, "duration": 64.8050073159975, "completed": 2000, "total_input_tokens": 217534, "total_output_tokens": 109743, "total_output_tokens_retokenized": 111725, "request_throughput": 30.861812733817686, "input_throughput": 3356.7467856191483, "output_throughput": 1693.4339574236772, "mean_e2e_latency_ms": 1771.1934085315734, "median_e2e_latency_ms": 1120.73352450534, "std_e2e_latency_ms": 2030.7943182618317, "p99_e2e_latency_ms": 10045.094631746033, "mean_ttft_ms": 64.5952434460487, "median_ttft_ms": 61.450798995792866, "std_ttft_ms": 29.97300424483307, "p99_ttft_ms": 151.7662416391248, "mean_tpot_ms": 32.72857749781724, "median_tpot_ms": 31.435061991972663, "std_tpot_ms": 8.876440532258576, "p99_tpot_ms": 58.259371946049214, "mean_itl_ms": 31.678731127357423, "median_itl_ms": 20.432031000382267, "std_itl_ms": 33.623389705662234, "p95_itl_ms": 99.08786689629777, "p99_itl_ms": 184.28513492108328, "concurrency": 54.66223928947366, "accept_length": null, "mean_total_latency_ms": 1772.5800406334674, "median_total_latency_ms": 1121.806975992513, "std_total_latency_ms": 2030.798042535146, "p99_total_latency_ms": 10046.846635061373}
