{"backend": "sglang", "dataset_name": "sharegpt", "request_rate": 25.0, "max_concurrency": null, "sharegpt_output_len": null, "random_input_len": 1024, "random_output_len": 1024, "random_range_ratio": 0.0, "duration": 87.15561855999113, "completed": 2000, "total_input_tokens": 217534, "total_output_tokens": 109743, "total_output_tokens_retokenized": 111725, "request_throughput": 22.94745918902929, "input_throughput": 2495.9262936131486, "output_throughput": 1259.1615068908206, "mean_e2e_latency_ms": 1153.5734938737296, "median_e2e_latency_ms": 736.6615190039738, "std_e2e_latency_ms": 1331.4742872860288, "p99_e2e_latency_ms": 6213.638890691508, "mean_ttft_ms": 55.165943881664134, "median_ttft_ms": 53.98216049798066, "std_ttft_ms": 17.541431689369976, "p99_ttft_ms": 99.65692687968837, "mean_tpot_ms": 20.730701034536672, "median_tpot_ms": 20.15846871657583, "std_tpot_ms": 4.6933785814488305, "p99_tpot_ms": 35.8011454444592, "mean_itl_ms": 20.389042824926037, "median_itl_ms": 13.582151994341984, "std_itl_ms": 18.235395772180684, "p95_itl_ms": 49.96070530469236, "p99_itl_ms": 101.79574196023185, "concurrency": 26.47158067221334, "accept_length": null, "mean_total_latency_ms": 1154.5837148399296, "median_total_latency_ms": 737.3765970041859, "std_total_latency_ms": 1331.4670737434526, "p99_total_latency_ms": 6214.504805757896}
