{"backend": "sglang", "dataset_name": "sharegpt", "request_rate": 5.0, "max_concurrency": null, "sharegpt_output_len": null, "random_input_len": 1024, "random_output_len": 1024, "random_range_ratio": 0.0, "duration": 414.61837061199185, "completed": 2000, "total_input_tokens": 217534, "total_output_tokens": 109743, "total_output_tokens_retokenized": 111725, "request_throughput": 4.823712941247458, "input_throughput": 524.6607854806623, "output_throughput": 264.6843646556599, "mean_e2e_latency_ms": 670.0494173838524, "median_e2e_latency_ms": 426.4230650078389, "std_e2e_latency_ms": 777.2996677468041, "p99_e2e_latency_ms": 3943.925598399945, "mean_ttft_ms": 43.69903943295503, "median_ttft_ms": 41.53167350159492, "std_ttft_ms": 11.421239343351797, "p99_ttft_ms": 73.27063881253706, "mean_tpot_ms": 11.604734531782782, "median_tpot_ms": 11.377918560338546, "std_tpot_ms": 1.277784318887932, "p99_tpot_ms": 16.214439336828054, "mean_itl_ms": 11.626304473058665, "median_itl_ms": 10.537219000980258, "std_itl_ms": 4.551767012223788, "p95_itl_ms": 25.718217392568423, "p99_itl_ms": 28.67752727586776, "concurrency": 3.2321260459098085, "accept_length": null, "mean_total_latency_ms": 670.8079955050925, "median_total_latency_ms": 427.02961049508303, "std_total_latency_ms": 777.3105400261754, "p99_total_latency_ms": 3944.724223460506}
