{"backend": "sglang", "dataset_name": "sharegpt", "request_rate": 10.0, "max_concurrency": null, "sharegpt_output_len": null, "random_input_len": 1024, "random_output_len": 1024, "random_range_ratio": 0.0, "duration": 209.29501731500204, "completed": 2000, "total_input_tokens": 217534, "total_output_tokens": 109743, "total_output_tokens_retokenized": 111725, "request_throughput": 9.555889221146032, "input_throughput": 1039.3654029163904, "output_throughput": 524.3459753981144, "mean_e2e_latency_ms": 750.668412388477, "median_e2e_latency_ms": 481.3156079981127, "std_e2e_latency_ms": 866.1607675611114, "p99_e2e_latency_ms": 4475.9992644461445, "mean_ttft_ms": 47.41466693611437, "median_ttft_ms": 43.51421549654333, "std_ttft_ms": 15.040487749602677, "p99_ttft_ms": 82.79724223713856, "mean_tpot_ms": 13.087880185609617, "median_tpot_ms": 12.81507662585609, "std_tpot_ms": 1.9507859298537158, "p99_tpot_ms": 19.363373050162576, "mean_itl_ms": 13.05388299114725, "median_itl_ms": 10.740054989582859, "std_itl_ms": 7.87780862339941, "p95_itl_ms": 27.988665398152076, "p99_itl_ms": 37.49848736304557, "concurrency": 7.173304190597851, "accept_length": null, "mean_total_latency_ms": 751.4878390200029, "median_total_latency_ms": 482.2874344972661, "std_total_latency_ms": 866.172294263997, "p99_total_latency_ms": 4476.565048944175}
