{"backend": "sglang", "dataset_name": "sharegpt", "request_rate": 100.0, "max_concurrency": null, "sharegpt_output_len": null, "random_input_len": 1024, "random_output_len": 1024, "random_range_ratio": 0.0, "duration": 34.640553443008685, "completed": 2000, "total_input_tokens": 217534, "total_output_tokens": 109743, "total_output_tokens_retokenized": 111725, "request_throughput": 57.735798109878324, "input_throughput": 6279.749553017136, "output_throughput": 3168.0498459861888, "mean_e2e_latency_ms": 7288.95394565571, "median_e2e_latency_ms": 5783.910263009602, "std_e2e_latency_ms": 4900.154266090335, "p99_e2e_latency_ms": 24410.581404208788, "mean_ttft_ms": 845.5756872973725, "median_ttft_ms": 159.5915235011489, "std_ttft_ms": 846.7237932211991, "p99_ttft_ms": 2326.716833937826, "mean_tpot_ms": 173.3341757044459, "median_tpot_ms": 117.00511615457468, "std_tpot_ms": 128.58936958141885, "p99_tpot_ms": 581.196758371084, "mean_itl_ms": 119.60619129419159, "median_itl_ms": 85.35440498962998, "std_itl_ms": 223.9271099408108, "p95_itl_ms": 370.6165507028345, "p99_itl_ms": 1281.3745076820487, "concurrency": 420.83357343857915, "accept_length": null, "mean_total_latency_ms": 7294.586713675599, "median_total_latency_ms": 5788.031844997022, "std_total_latency_ms": 4899.791452127134, "p99_total_latency_ms": 24413.819133848156}
