{"backend": "sglang", "dataset_name": "sharegpt", "request_rate": 15.0, "max_concurrency": null, "sharegpt_output_len": null, "random_input_len": 1024, "random_output_len": 1024, "random_range_ratio": 0.0, "duration": 140.95471715800522, "completed": 2000, "total_input_tokens": 217534, "total_output_tokens": 109743, "total_output_tokens_retokenized": 111725, "request_throughput": 14.188954015338636, "input_throughput": 1543.2899613863374, "output_throughput": 778.569190252654, "mean_e2e_latency_ms": 860.112140938756, "median_e2e_latency_ms": 549.2371919972356, "std_e2e_latency_ms": 996.91448400466, "p99_e2e_latency_ms": 5109.714986495674, "mean_ttft_ms": 49.083137320434616, "median_ttft_ms": 45.762198002194054, "std_ttft_ms": 12.625247702120243, "p99_ttft_ms": 87.38465061353054, "mean_tpot_ms": 15.104286760564241, "median_tpot_ms": 14.84123273214247, "std_tpot_ms": 2.4540908079618564, "p99_tpot_ms": 23.15593790906503, "mean_itl_ms": 15.054490619906337, "median_itl_ms": 11.365930986357853, "std_itl_ms": 9.871994581525238, "p95_itl_ms": 30.700495399651068, "p99_itl_ms": 56.992160638328706, "concurrency": 12.204091615814473, "accept_length": null, "mean_total_latency_ms": 860.9152648986055, "median_total_latency_ms": 550.0345715045114, "std_total_latency_ms": 996.9178927473728, "p99_total_latency_ms": 5110.280999609095}
