{"backend": "sglang", "dataset_name": "sharegpt", "request_rate": 75.0, "max_concurrency": null, "sharegpt_output_len": null, "random_input_len": 1024, "random_output_len": 1024, "random_range_ratio": 0.0, "duration": 40.69109945600212, "completed": 2000, "total_input_tokens": 217534, "total_output_tokens": 109743, "total_output_tokens_retokenized": 111725, "request_throughput": 49.1507977601473, "input_throughput": 5345.984819977941, "output_throughput": 2696.9779992959225, "mean_e2e_latency_ms": 6865.245682918066, "median_e2e_latency_ms": 5056.815243005985, "std_e2e_latency_ms": 5837.582277668484, "p99_e2e_latency_ms": 27914.175642315095, "mean_ttft_ms": 157.80536895051046, "median_ttft_ms": 93.36745848850114, "std_ttft_ms": 153.29825513724208, "p99_ttft_ms": 742.5294851959916, "mean_tpot_ms": 153.02903005241637, "median_tpot_ms": 151.09667229254953, "std_tpot_ms": 58.84367089900568, "p99_tpot_ms": 321.85342161915776, "mean_itl_ms": 124.50788485585099, "median_itl_ms": 68.04604099306744, "std_itl_ms": 153.22200195201634, "p95_itl_ms": 465.40639130107587, "p99_itl_ms": 846.1935060791438, "concurrency": 337.4323021348302, "accept_length": null, "mean_total_latency_ms": 6869.848376559334, "median_total_latency_ms": 5059.547906501393, "std_total_latency_ms": 5837.385534610498, "p99_total_latency_ms": 27916.474296075463}
