{"backend": "sglang", "dataset_name": "sharegpt", "request_rate": 60.0, "max_concurrency": null, "sharegpt_output_len": null, "random_input_len": 1024, "random_output_len": 1024, "random_range_ratio": 0.0, "duration": 47.21378060799907, "completed": 2000, "total_input_tokens": 217534, "total_output_tokens": 109743, "total_output_tokens_retokenized": 111725, "request_throughput": 42.360513694197905, "input_throughput": 4607.425992976823, "output_throughput": 2324.38492717118, "mean_e2e_latency_ms": 6449.3748000860505, "median_e2e_latency_ms": 4543.135082501976, "std_e2e_latency_ms": 6065.884575782449, "p99_e2e_latency_ms": 28922.367507836025, "mean_ttft_ms": 101.78720153358881, "median_ttft_ms": 85.84799299569568, "std_ttft_ms": 58.59827749225248, "p99_ttft_ms": 389.04657925333584, "mean_tpot_ms": 134.94237317946263, "median_tpot_ms": 144.42439869593065, "std_tpot_ms": 43.946889936746054, "p99_tpot_ms": 248.77907431176234, "mean_itl_ms": 117.82800152230044, "median_itl_ms": 70.21481799893081, "std_itl_ms": 121.58550178669033, "p95_itl_ms": 387.3322110099252, "p99_itl_ms": 510.37200412509264, "concurrency": 273.19882953806, "accept_length": null, "mean_total_latency_ms": 6453.997152085212, "median_total_latency_ms": 4545.410238999466, "std_total_latency_ms": 6065.815887187522, "p99_total_latency_ms": 28930.038600135882}
