{"backend": "sglang", "dataset_name": "sharegpt", "request_rate": 10.0, "max_concurrency": null, "sharegpt_output_len": null, "random_input_len": 1024, "random_output_len": 1024, "random_range_ratio": 0.0, "duration": 209.27392156499263, "completed": 2000, "total_input_tokens": 217534, "total_output_tokens": 109743, "total_output_tokens_retokenized": 111725, "request_throughput": 9.556852497643263, "input_throughput": 1039.4701756111647, "output_throughput": 524.3988318244322, "mean_e2e_latency_ms": 758.8207746457774, "median_e2e_latency_ms": 483.40081900096266, "std_e2e_latency_ms": 884.728969040635, "p99_e2e_latency_ms": 4544.694902650954, "mean_ttft_ms": 46.451407094740716, "median_ttft_ms": 43.08171100274194, "std_ttft_ms": 11.22825177925166, "p99_ttft_ms": 79.05131908599287, "mean_tpot_ms": 13.208838589469691, "median_tpot_ms": 12.974762893125929, "std_tpot_ms": 1.8487149179677562, "p99_tpot_ms": 19.43089651490856, "mean_itl_ms": 13.223090198932944, "median_itl_ms": 10.882599002798088, "std_itl_ms": 7.119285084040976, "p95_itl_ms": 27.80905270192306, "p99_itl_ms": 37.491518344322685, "concurrency": 7.251938215437093, "accept_length": null, "mean_total_latency_ms": 759.5496054611212, "median_total_latency_ms": 484.1478605012526, "std_total_latency_ms": 884.7304521456955, "p99_total_latency_ms": 4545.268181267456}
