{"backend": "sglang", "dataset_name": "sharegpt", "request_rate": 45.0, "max_concurrency": null, "sharegpt_output_len": null, "random_input_len": 1024, "random_output_len": 1024, "random_range_ratio": 0.0, "duration": 53.99452966799436, "completed": 2000, "total_input_tokens": 217534, "total_output_tokens": 109743, "total_output_tokens_retokenized": 111725, "request_throughput": 37.04078935954718, "input_throughput": 4028.8155362698685, "output_throughput": 2032.483673342393, "mean_e2e_latency_ms": 2971.8310409930345, "median_e2e_latency_ms": 1878.2378254982177, "std_e2e_latency_ms": 3349.425998379129, "p99_e2e_latency_ms": 16222.067781449727, "mean_ttft_ms": 71.19849077262188, "median_ttft_ms": 68.15154150535818, "std_ttft_ms": 28.465098306018813, "p99_ttft_ms": 201.06576713747918, "mean_tpot_ms": 56.26510909303701, "median_tpot_ms": 56.593446332893414, "std_tpot_ms": 16.753950530598782, "p99_tpot_ms": 96.70996109113183, "mean_itl_ms": 53.843245840105304, "median_itl_ms": 36.96542499528732, "std_itl_ms": 56.935651570104824, "p95_itl_ms": 160.98811230476713, "p99_itl_ms": 324.63176993187517, "concurrency": 110.07896760158683, "accept_length": null, "mean_total_latency_ms": 2973.896754285226, "median_total_latency_ms": 1879.8033210041467, "std_total_latency_ms": 3349.470150507618, "p99_total_latency_ms": 16222.571543355873}
