{"backend": "sglang", "dataset_name": "sharegpt", "request_rate": 85.0, "max_concurrency": null, "sharegpt_output_len": null, "random_input_len": 1024, "random_output_len": 1024, "random_range_ratio": 0.0, "duration": 37.81115347800369, "completed": 2000, "total_input_tokens": 217534, "total_output_tokens": 109743, "total_output_tokens_retokenized": 111725, "request_throughput": 52.89444558107657, "input_throughput": 5753.170162516954, "output_throughput": 2902.3975707020427, "mean_e2e_latency_ms": 6953.452656647423, "median_e2e_latency_ms": 5333.533327000623, "std_e2e_latency_ms": 5500.030486245505, "p99_e2e_latency_ms": 26827.530281412324, "mean_ttft_ms": 273.2309073395809, "median_ttft_ms": 107.07840749819297, "std_ttft_ms": 332.7017818793397, "p99_ttft_ms": 1241.9882897425848, "mean_tpot_ms": 163.64335156660144, "median_tpot_ms": 140.48881029978344, "std_tpot_ms": 86.25876416364905, "p99_tpot_ms": 460.48998790306666, "mean_itl_ms": 124.00263313153901, "median_itl_ms": 77.68370900885202, "std_itl_ms": 167.66001456134688, "p95_itl_ms": 543.6075578996679, "p99_itl_ms": 851.4133173026494, "concurrency": 367.7990231476294, "accept_length": null, "mean_total_latency_ms": 6958.726736295641, "median_total_latency_ms": 5336.52298800007, "std_total_latency_ms": 5499.879466125823, "p99_total_latency_ms": 26828.148681578896}
