{"backend": "sglang", "dataset_name": "sharegpt", "request_rate": 20.0, "max_concurrency": null, "sharegpt_output_len": null, "random_input_len": 1024, "random_output_len": 1024, "random_range_ratio": 0.0, "duration": 107.14897591499903, "completed": 2000, "total_input_tokens": 217534, "total_output_tokens": 109743, "total_output_tokens_retokenized": 111725, "request_throughput": 18.66560070146255, "input_throughput": 2030.2013914959775, "output_throughput": 1024.2095088903025, "mean_e2e_latency_ms": 993.3911307142844, "median_e2e_latency_ms": 628.5972530022264, "std_e2e_latency_ms": 1153.1653748657538, "p99_e2e_latency_ms": 5655.412026938865, "mean_ttft_ms": 52.79521602090972, "median_ttft_ms": 50.8434350049356, "std_ttft_ms": 16.979521738369744, "p99_ttft_ms": 95.4874116196879, "mean_tpot_ms": 17.57111055536177, "median_tpot_ms": 17.284486464037983, "std_tpot_ms": 3.449523494757651, "p99_tpot_ms": 29.19558547021422, "mean_itl_ms": 17.45961431465452, "median_itl_ms": 12.367743998765945, "std_itl_ms": 13.867374184519141, "p95_itl_ms": 37.28453679796074, "p99_itl_ms": 78.53860155330041, "concurrency": 18.542242186287226, "accept_length": null, "mean_total_latency_ms": 994.3137140014805, "median_total_latency_ms": 629.5943725053803, "std_total_latency_ms": 1153.1658483217313, "p99_total_latency_ms": 5656.510472160733}
