{"backend": "sglang", "dataset_name": "sharegpt", "request_rate": 50.0, "max_concurrency": null, "sharegpt_output_len": null, "random_input_len": 1024, "random_output_len": 1024, "random_range_ratio": 0.0, "duration": 51.74078971800918, "completed": 2000, "total_input_tokens": 217534, "total_output_tokens": 109743, "total_output_tokens_retokenized": 111725, "request_throughput": 38.654222536999065, "input_throughput": 4204.303822681777, "output_throughput": 2121.015171938944, "mean_e2e_latency_ms": 4025.0154239415574, "median_e2e_latency_ms": 2611.220794497058, "std_e2e_latency_ms": 4297.880026171462, "p99_e2e_latency_ms": 21732.524583623745, "mean_ttft_ms": 79.99971305704094, "median_ttft_ms": 74.65095400402788, "std_ttft_ms": 33.03471011947516, "p99_ttft_ms": 249.93738779099658, "mean_tpot_ms": 78.74455218761354, "median_tpot_ms": 79.65737083845706, "std_tpot_ms": 24.27583013424994, "p99_tpot_ms": 132.61727068686045, "mean_itl_ms": 73.22976421219558, "median_itl_ms": 47.76863500592299, "std_itl_ms": 73.92193585034664, "p95_itl_ms": 245.86500348959817, "p99_itl_ms": 359.8083118631621, "concurrency": 155.58384191189057, "accept_length": null, "mean_total_latency_ms": 4027.9615052647564, "median_total_latency_ms": 2615.4459994941135, "std_total_latency_ms": 4297.856908069843, "p99_total_latency_ms": 21735.21357350997}
