{"backend": "sglang", "dataset_name": "sharegpt", "request_rate": 30.0, "max_concurrency": null, "sharegpt_output_len": null, "random_input_len": 1024, "random_output_len": 1024, "random_range_ratio": 0.0, "duration": 73.84065630800615, "completed": 2000, "total_input_tokens": 217534, "total_output_tokens": 109743, "total_output_tokens_retokenized": 111725, "request_throughput": 27.0853497246496, "input_throughput": 2945.992233500963, "output_throughput": 1486.2137674161106, "mean_e2e_latency_ms": 1367.483602947832, "median_e2e_latency_ms": 864.0809419957804, "std_e2e_latency_ms": 1578.6547024836095, "p99_e2e_latency_ms": 7878.66975686833, "mean_ttft_ms": 59.82089688307315, "median_ttft_ms": 58.27407900505932, "std_ttft_ms": 22.240860421804513, "p99_ttft_ms": 112.92792167863807, "mean_tpot_ms": 24.83357601418224, "median_tpot_ms": 24.220916040939475, "std_tpot_ms": 6.220172756323776, "p99_tpot_ms": 46.76025959216349, "mean_itl_ms": 24.273405224834878, "median_itl_ms": 14.922080998076126, "std_itl_ms": 25.66917772976047, "p95_itl_ms": 66.25088949513153, "p99_itl_ms": 144.94750128360477, "concurrency": 37.038771628565904, "accept_length": null, "mean_total_latency_ms": 1368.6605527284773, "median_total_latency_ms": 864.8641284889891, "std_total_latency_ms": 1578.660912286012, "p99_total_latency_ms": 7880.517647919332}
