{"backend": "sglang", "dataset_name": "sharegpt", "request_rate": 30.0, "max_concurrency": null, "sharegpt_output_len": null, "random_input_len": 1024, "random_output_len": 1024, "random_range_ratio": 0.0, "duration": 74.10383647700655, "completed": 2000, "total_input_tokens": 217534, "total_output_tokens": 109743, "total_output_tokens_retokenized": 111725, "request_throughput": 26.989155961183922, "input_throughput": 2935.5295264300917, "output_throughput": 1480.9354713241037, "mean_e2e_latency_ms": 1336.3421229009546, "median_e2e_latency_ms": 849.1955610006698, "std_e2e_latency_ms": 1548.5570562295838, "p99_e2e_latency_ms": 7430.528929083812, "mean_ttft_ms": 56.95445163302065, "median_ttft_ms": 55.871379998279735, "std_ttft_ms": 16.56887561315893, "p99_ttft_ms": 104.86176685561075, "mean_tpot_ms": 24.17308940705605, "median_tpot_ms": 23.652819580702925, "std_tpot_ms": 5.690534815167181, "p99_tpot_ms": 41.91294509685394, "mean_itl_ms": 23.748523943846127, "median_itl_ms": 15.207168005872518, "std_itl_ms": 23.27582614221403, "p95_itl_ms": 62.33588609466096, "p99_itl_ms": 136.36410562088724, "concurrency": 36.06674597247348, "accept_length": null, "mean_total_latency_ms": 1337.4989514263216, "median_total_latency_ms": 850.4499810005655, "std_total_latency_ms": 1548.562985956596, "p99_total_latency_ms": 7431.207193788141}
