{"backend": "sglang", "dataset_name": "sharegpt", "request_rate": 55.0, "max_concurrency": null, "sharegpt_output_len": null, "random_input_len": 1024, "random_output_len": 1024, "random_range_ratio": 0.0, "duration": 49.48129366400826, "completed": 2000, "total_input_tokens": 217534, "total_output_tokens": 109743, "total_output_tokens_retokenized": 111725, "request_throughput": 40.41931509674254, "input_throughput": 4396.287645127395, "output_throughput": 2217.868448330908, "mean_e2e_latency_ms": 5428.794622422487, "median_e2e_latency_ms": 3665.9120340045774, "std_e2e_latency_ms": 5421.28025642952, "p99_e2e_latency_ms": 24450.185105757555, "mean_ttft_ms": 87.48095154375915, "median_ttft_ms": 79.33815100841457, "std_ttft_ms": 36.90630348065151, "p99_ttft_ms": 278.33733422899957, "mean_tpot_ms": 110.32578026043102, "median_tpot_ms": 118.95287471487711, "std_tpot_ms": 36.10004209599546, "p99_tpot_ms": 190.05215787750782, "mean_itl_ms": 99.1488363229936, "median_itl_ms": 74.68472699110862, "std_itl_ms": 93.22411547955082, "p95_itl_ms": 294.8875272908481, "p99_itl_ms": 405.77044911478885, "concurrency": 219.42816043919592, "accept_length": null, "mean_total_latency_ms": 5432.774379702452, "median_total_latency_ms": 3672.619297489291, "std_total_latency_ms": 5421.2318381456535, "p99_total_latency_ms": 24453.975531679316}
