{"backend": "sglang", "dataset_name": "sharegpt", "request_rate": 35.0, "max_concurrency": null, "sharegpt_output_len": null, "random_input_len": 1024, "random_output_len": 1024, "random_range_ratio": 0.0, "duration": 64.9486873959977, "completed": 2000, "total_input_tokens": 217534, "total_output_tokens": 109743, "total_output_tokens_retokenized": 111725, "request_throughput": 30.793539949557857, "input_throughput": 3349.3209596935594, "output_throughput": 1689.687727342164, "mean_e2e_latency_ms": 1730.2545763355229, "median_e2e_latency_ms": 1093.2108819979476, "std_e2e_latency_ms": 1992.3660192828384, "p99_e2e_latency_ms": 9959.015557195378, "mean_ttft_ms": 61.875309965442284, "median_ttft_ms": 60.39390050864313, "std_ttft_ms": 19.01371533067623, "p99_ttft_ms": 111.26786837558028, "mean_tpot_ms": 31.7624115950609, "median_tpot_ms": 31.183746871385477, "std_tpot_ms": 8.457358699681903, "p99_tpot_ms": 57.723169042562525, "mean_itl_ms": 30.969265618639806, "median_itl_ms": 20.90462899650447, "std_itl_ms": 32.036048998092554, "p95_itl_ms": 92.70922959985906, "p99_itl_ms": 171.48582603753312, "concurrency": 53.280663419293234, "accept_length": null, "mean_total_latency_ms": 1731.694509690904, "median_total_latency_ms": 1095.2453170029912, "std_total_latency_ms": 1992.3874067227675, "p99_total_latency_ms": 9960.988456206542}
