{"backend": "sglang", "dataset_name": "sharegpt", "request_rate": 40.0, "max_concurrency": null, "sharegpt_output_len": null, "random_input_len": 1024, "random_output_len": 1024, "random_range_ratio": 0.0, "duration": 59.17906613799278, "completed": 2000, "total_input_tokens": 217534, "total_output_tokens": 109743, "total_output_tokens_retokenized": 111725, "request_throughput": 33.79573437905277, "input_throughput": 3675.8606412064323, "output_throughput": 1854.422638980194, "mean_e2e_latency_ms": 2375.9344523561012, "median_e2e_latency_ms": 1532.8801584983012, "std_e2e_latency_ms": 2734.8517109088384, "p99_e2e_latency_ms": 12844.15126189051, "mean_ttft_ms": 68.7584977566803, "median_ttft_ms": 65.67773449933156, "std_ttft_ms": 29.354760167380118, "p99_ttft_ms": 162.9584357832209, "mean_tpot_ms": 44.016102941371784, "median_tpot_ms": 43.76862050887125, "std_tpot_ms": 11.30013057618334, "p99_tpot_ms": 72.14679421960878, "mean_itl_ms": 42.82705551985544, "median_itl_ms": 30.366578008397482, "std_itl_ms": 42.88995707105577, "p95_itl_ms": 128.43466799968152, "p99_itl_ms": 228.77246482123155, "concurrency": 80.296449653867, "accept_length": null, "mean_total_latency_ms": 2377.8232916658962, "median_total_latency_ms": 1534.1418835014338, "std_total_latency_ms": 2734.8940917884406, "p99_total_latency_ms": 12846.052772091352}
