{
  "summary": {
    "completed_requests": 10,
    "failed_requests": 0,
    "total_requests": 10,
    "request_throughput": 2.271317045296765,
    "input_token_throughput": 231.9014703247997,
    "output_token_throughput": 101.75500362929508,
    "total_token_throughput": 333.6564739540948,
    "mean_server_latency": 478.7999391555786,
    "median_server_latency": 418.6333417892456,
    "p95_server_latency": 719.9432611465453,
    "p99_server_latency": 741.5003252029419,
    "max_server_latency": 746.889591217041,
    "mean_total_latency": 478.88526916503906,
    "median_total_latency": 418.7192916870117,
    "p95_total_latency": 720.0399994850158,
    "p99_total_latency": 741.6043591499329,
    "max_total_latency": 746.9954490661621,
    "mean_queue_time": 0.08533000946044922,
    "median_queue_time": 0.09000301361083984,
    "p95_queue_time": 0.10092258453369139,
    "p99_queue_time": 0.10487079620361328,
    "max_queue_time": 0.10585784912109375,
    "mean_ttft": 45.24502754211426,
    "median_ttft": 32.99367427825928,
    "p95_ttft": 103.35332155227647,
    "p99_ttft": 149.11609888076785,
    "mean_itl": 9.915813974166626,
    "median_itl": 9.881973266601562,
    "p95_itl": 10.282325744628906,
    "p99_itl": 10.893754959106445,
    "max_itl": 21.663427352905273,
    "mean_queue_depth": 0.5,
    "max_queue_depth": 1,
    "gpu_utilization": 0.0,
    "gpu_memory_used": 0.875,
    "gpu_memory_total": 80.0,
    "start_time": 1753377734.3436413,
    "end_time": 1753377738.7463732,
    "duration": 4.402731895446777
  },
  "results": [
    {
      "request_id": "req_0",
      "success": true,
      "prompt_len": 87,
      "output_len": 26,
      "server_latency_ms": 408.57386589050293,
      "total_latency_ms": 408.66875648498535,
      "queue_time_ms": 0.09489059448242188,
      "ttft_ms": 160.55679321289062,
      "arrival_time": 1753377733.9349725,
      "send_time": 1753377733.9350674,
      "completion_time": 1753377734.3436413,
      "error": ""
    },
    {
      "request_id": "req_1",
      "success": true,
      "prompt_len": 145,
      "output_len": 73,
      "server_latency_ms": 746.889591217041,
      "total_latency_ms": 746.9954490661621,
      "queue_time_ms": 0.10585784912109375,
      "ttft_ms": 32.50551223754883,
      "arrival_time": 1753377734.3442936,
      "send_time": 1753377734.3443995,
      "completion_time": 1753377735.091289,
      "error": ""
    },
    {
      "request_id": "req_2",
      "success": true,
      "prompt_len": 123,
      "output_len": 67,
      "server_latency_ms": 687.0088577270508,
      "total_latency_ms": 687.0944499969482,
      "queue_time_ms": 0.08559226989746094,
      "ttft_ms": 33.43796730041504,
      "arrival_time": 1753377735.091792,
      "send_time": 1753377735.0918777,
      "completion_time": 1753377735.7788866,
      "error": ""
    },
    {
      "request_id": "req_3",
      "success": true,
      "prompt_len": 110,
      "output_len": 36,
      "server_latency_ms": 377.7599334716797,
      "total_latency_ms": 377.8531551361084,
      "queue_time_ms": 0.09322166442871094,
      "ttft_ms": 31.691312789916992,
      "arrival_time": 1753377735.7794127,
      "send_time": 1753377735.779506,
      "completion_time": 1753377736.157266,
      "error": ""
    },
    {
      "request_id": "req_4",
      "success": true,
      "prompt_len": 66,
      "output_len": 34,
      "server_latency_ms": 359.49230194091797,
      "total_latency_ms": 359.58385467529297,
      "queue_time_ms": 0.091552734375,
      "ttft_ms": 33.33544731140137,
      "arrival_time": 1753377736.1577725,
      "send_time": 1753377736.157864,
      "completion_time": 1753377736.5173564,
      "error": ""
    },
    {
      "request_id": "req_5",
      "success": true,
      "prompt_len": 66,
      "output_len": 34,
      "server_latency_ms": 355.3328514099121,
      "total_latency_ms": 355.4270267486572,
      "queue_time_ms": 0.09417533874511719,
      "ttft_ms": 29.395580291748047,
      "arrival_time": 1753377736.5359316,
      "send_time": 1753377736.5360258,
      "completion_time": 1753377736.8913586,
      "error": ""
    },
    {
      "request_id": "req_6",
      "success": true,
      "prompt_len": 56,
      "output_len": 40,
      "server_latency_ms": 417.2706604003906,
      "total_latency_ms": 417.3591136932373,
      "queue_time_ms": 0.08845329284667969,
      "ttft_ms": 32.83858299255371,
      "arrival_time": 1753377736.891872,
      "send_time": 1753377736.8919604,
      "completion_time": 1753377737.309231,
      "error": ""
    },
    {
      "request_id": "req_7",
      "success": true,
      "prompt_len": 137,
      "output_len": 51,
      "server_latency_ms": 527.4162292480469,
      "total_latency_ms": 527.4488925933838,
      "queue_time_ms": 0.03266334533691406,
      "ttft_ms": 32.17816352844238,
      "arrival_time": 1753377737.3094294,
      "send_time": 1753377737.309462,
      "completion_time": 1753377737.8368783,
      "error": ""
    },
    {
      "request_id": "req_8",
      "success": true,
      "prompt_len": 110,
      "output_len": 47,
      "server_latency_ms": 488.25907707214355,
      "total_latency_ms": 488.3425235748291,
      "queue_time_ms": 0.08344650268554688,
      "ttft_ms": 33.148765563964844,
      "arrival_time": 1753377737.8374062,
      "send_time": 1753377737.8374896,
      "completion_time": 1753377738.3257487,
      "error": ""
    },
    {
      "request_id": "req_9",
      "success": true,
      "prompt_len": 121,
      "output_len": 40,
      "server_latency_ms": 419.9960231781006,
      "total_latency_ms": 420.07946968078613,
      "queue_time_ms": 0.08344650268554688,
      "ttft_ms": 33.36215019226074,
      "arrival_time": 1753377738.3262937,
      "send_time": 1753377738.3263772,
      "completion_time": 1753377738.7463732,
      "error": ""
    }
  ],
  "snapshots": [
    {
      "timestamp": 1753377733.9358485,
      "active_requests": 1,
      "completed_requests": 0,
      "gpu_utilization": 0,
      "gpu_memory_used": 0.875,
      "gpu_memory_total": 80.0,
      "gpu_memory_utilization": 1.09375
    },
    {
      "timestamp": 1753377735.036692,
      "active_requests": 1,
      "completed_requests": 1,
      "gpu_utilization": 0,
      "gpu_memory_used": 0.875,
      "gpu_memory_total": 80.0,
      "gpu_memory_utilization": 1.09375
    },
    {
      "timestamp": 1753377736.0376015,
      "active_requests": 1,
      "completed_requests": 3,
      "gpu_utilization": 0,
      "gpu_memory_used": 0.875,
      "gpu_memory_total": 80.0,
      "gpu_memory_utilization": 1.09375
    },
    {
      "timestamp": 1753377737.0386686,
      "active_requests": 1,
      "completed_requests": 6,
      "gpu_utilization": 0,
      "gpu_memory_used": 0.875,
      "gpu_memory_total": 80.0,
      "gpu_memory_utilization": 1.09375
    },
    {
      "timestamp": 1753377738.039763,
      "active_requests": 1,
      "completed_requests": 8,
      "gpu_utilization": 0,
      "gpu_memory_used": 0.875,
      "gpu_memory_total": 80.0,
      "gpu_memory_utilization": 1.09375
    }
  ]
}