{
  "timestamp": 1753377738.7523663,
  "total_requests": 10,
  "successful_requests": 10,
  "failed_requests": 0,
  "aggregated_metrics": {
    "completed_requests": 10,
    "failed_requests": 0,
    "total_requests": 10,
    "request_throughput": 2.271317045296765,
    "input_token_throughput": 231.9014703247997,
    "output_token_throughput": 101.75500362929508,
    "total_token_throughput": 333.6564739540948,
    "mean_server_latency": 478.7999391555786,
    "median_server_latency": 418.6333417892456,
    "p95_server_latency": 719.9432611465453,
    "p99_server_latency": 741.5003252029419,
    "max_server_latency": 746.889591217041,
    "mean_total_latency": 478.88526916503906,
    "median_total_latency": 418.7192916870117,
    "p95_total_latency": 720.0399994850158,
    "p99_total_latency": 741.6043591499329,
    "max_total_latency": 746.9954490661621,
    "mean_queue_time": 0.08533000946044922,
    "median_queue_time": 0.09000301361083984,
    "p95_queue_time": 0.10092258453369139,
    "p99_queue_time": 0.10487079620361328,
    "max_queue_time": 0.10585784912109375,
    "mean_ttft": 45.24502754211426,
    "median_ttft": 32.99367427825928,
    "p95_ttft": 103.35332155227647,
    "p99_ttft": 149.11609888076785,
    "mean_itl": 9.915813974166626,
    "median_itl": 9.881973266601562,
    "p95_itl": 10.282325744628906,
    "p99_itl": 10.893754959106445,
    "max_itl": 21.663427352905273,
    "mean_queue_depth": 0.5,
    "max_queue_depth": 1,
    "gpu_utilization": 0.0,
    "gpu_memory_used": 0.875,
    "gpu_memory_total": 80.0,
    "start_time": 1753377734.3436413,
    "end_time": 1753377738.7463732,
    "duration": 4.402731895446777
  }
}