{"backend": "sglang", "dataset_name": "random-ids", "request_rate": 50.0, "max_concurrency": null, "sharegpt_output_len": null, "random_input_len": 256, "random_output_len": 64, "random_range_ratio": 0.0, "duration": 43.17060252599185, "completed": 2000, "total_input_tokens": 258001, "total_output_tokens": 64859, "total_output_tokens_retokenized": 64808, "request_throughput": 46.32782224421941, "input_throughput": 5976.312233415426, "output_throughput": 1502.3881114689134, "mean_e2e_latency_ms": 2717.4087718420997, "median_e2e_latency_ms": 2467.0733439998003, "std_e2e_latency_ms": 1804.5453447022985, "p99_e2e_latency_ms": 7138.95064744589, "mean_ttft_ms": 100.87615694187843, "median_ttft_ms": 79.65043350122869, "std_ttft_ms": 142.89154818328657, "p99_ttft_ms": 413.04567190309166, "mean_tpot_ms": 87.10024032419842, "median_tpot_ms": 82.57918726797341, "std_tpot_ms": 39.13583021425426, "p99_tpot_ms": 219.68649339972765, "mean_itl_ms": 83.70600849699494, "median_itl_ms": 45.416918001137674, "std_itl_ms": 91.46755008715645, "p95_itl_ms": 275.21702649974026, "p99_itl_ms": 415.5746991041815, "concurrency": 125.89163054678338, "accept_length": null}
