{
  "timestamp": 1753373149.305935,
  "total_requests": 1000,
  "successful_requests": 1000,
  "failed_requests": 0,
  "aggregated_metrics": {
    "completed_requests": 1000,
    "failed_requests": 0,
    "total_requests": 1000,
    "request_throughput": 9.492820815257693,
    "input_token_throughput": 9626.033569758205,
    "output_token_throughput": 1223.491703595303,
    "total_token_throughput": 10849.525273353507,
    "mean_server_latency": 0.0,
    "median_server_latency": 0.0,
    "p95_server_latency": 0.0,
    "p99_server_latency": 0.0,
    "max_server_latency": 0.0,
    "mean_total_latency": 0.0,
    "median_total_latency": 0.0,
    "p95_total_latency": 0.0,
    "p99_total_latency": 0.0,
    "max_total_latency": 0.0,
    "mean_queue_time": 42076.65865635872,
    "median_queue_time": 42331.19988441467,
    "p95_queue_time": 80369.97294425964,
    "p99_queue_time": 83724.39640283585,
    "max_queue_time": 84797.61552810669,
    "mean_ttft": 65.85974287986755,
    "median_ttft": 58.57884883880615,
    "p95_ttft": 93.21513175964353,
    "p99_ttft": 370.136752128601,
    "mean_itl": 15.99435629401495,
    "median_itl": 12.330055236816406,
    "p95_itl": 33.13922882080078,
    "p99_itl": 49.5275616645813,
    "max_itl": 181.624174118042,
    "mean_queue_depth": 500.0,
    "max_queue_depth": 1000,
    "gpu_utilization": 0.0,
    "gpu_memory_used": 0.875,
    "gpu_memory_total": 80.0,
    "start_time": 1753373043.3703465,
    "end_time": 1753373148.7131124,
    "duration": 105.34276580810547
  }
}