{
  "timestamp": 1753379233.5469847,
  "total_requests": 100,
  "successful_requests": 100,
  "failed_requests": 0,
  "aggregated_metrics": {
    "completed_requests": 100,
    "failed_requests": 0,
    "total_requests": 100,
    "request_throughput": 10.11211019694306,
    "input_token_throughput": 10046.38148066293,
    "output_token_throughput": 1291.7209565575067,
    "total_token_throughput": 11338.102437220437,
    "mean_server_latency": 2043.0815744400024,
    "median_server_latency": 1971.30286693573,
    "p95_server_latency": 3035.581874847412,
    "p99_server_latency": 3132.1584367752075,
    "max_server_latency": 3154.266834259033,
    "mean_total_latency": 5354.171559810638,
    "median_total_latency": 5413.729667663574,
    "p95_total_latency": 8923.238027095795,
    "p99_total_latency": 9242.509069442749,
    "max_total_latency": 9257.869243621826,
    "mean_queue_time": 3311.089985370636,
    "median_queue_time": 3387.1843814849854,
    "p95_queue_time": 6839.655613899231,
    "p99_queue_time": 7202.635078430176,
    "max_queue_time": 7255.7220458984375,
    "mean_ttft": 110.04371643066406,
    "median_ttft": 59.572577476501465,
    "p95_ttft": 348.62022399902344,
    "p99_ttft": 385.6829500198365,
    "mean_itl": 15.250387469432097,
    "median_itl": 12.114644050598145,
    "p95_itl": 32.30208158493042,
    "p99_itl": 42.46176958084107,
    "max_itl": 401.7493724822998,
    "mean_queue_depth": 50.0,
    "max_queue_depth": 100,
    "mean_queue_length": 0.5,
    "max_queue_length": 1,
    "gpu_utilization": 0.0,
    "gpu_memory_used": 0.875,
    "gpu_memory_total": 80.0,
    "start_time": 1753379223.6097355,
    "end_time": 1753379233.4988682,
    "duration": 9.889132738113403
  }
}