{
  "timestamp": 1753377919.0447645,
  "total_requests": 100,
  "successful_requests": 100,
  "failed_requests": 0,
  "aggregated_metrics": {
    "completed_requests": 100,
    "failed_requests": 0,
    "total_requests": 100,
    "request_throughput": 10.2835630409543,
    "input_token_throughput": 10216.719881188097,
    "output_token_throughput": 1313.6223428515023,
    "total_token_throughput": 11530.3422240396,
    "mean_server_latency": 2019.1441488265991,
    "median_server_latency": 1950.6829977035522,
    "p95_server_latency": 2965.6752467155457,
    "p99_server_latency": 3150.540087223053,
    "max_server_latency": 3158.6806774139404,
    "mean_total_latency": 5315.019345283508,
    "median_total_latency": 5391.638875007629,
    "p95_total_latency": 8795.735847949982,
    "p99_total_latency": 9130.681295394897,
    "max_total_latency": 9144.845247268677,
    "mean_queue_time": 3295.875196456909,
    "median_queue_time": 3382.744073867798,
    "p95_queue_time": 6745.633041858673,
    "p99_queue_time": 7107.8090262413025,
    "max_queue_time": 7109.410047531128,
    "mean_ttft": 154.3170928955078,
    "median_ttft": 63.68815898895264,
    "p95_ttft": 578.6761164665222,
    "p99_ttft": 580.0599431991577,
    "mean_itl": 14.73210648525154,
    "median_itl": 12.019634246826172,
    "p95_itl": 32.13300704956055,
    "p99_itl": 51.438770294189474,
    "max_itl": 67.27719306945801,
    "mean_queue_depth": 50.0,
    "max_queue_depth": 100,
    "gpu_utilization": 0.0,
    "gpu_memory_used": 0.875,
    "gpu_memory_total": 80.0,
    "start_time": 1753377909.2717261,
    "end_time": 1753377918.9959822,
    "duration": 9.724256038665771
  }
}